,rr_ms,hr_bpm,qrs_width_ms,r_amplitude,beat_length_ms
rr_ms,1.0,-0.9608551810110304,-0.43732029278525036,-0.17524537659215567,0.9785717402947242
hr_bpm,-0.9608551810110304,1.0,0.575756947076963,0.07149791139015398,-0.9192113169303143
qrs_width_ms,-0.43732029278525036,0.575756947076963,1.0,-0.3221202915139134,-0.3021444637429503
r_amplitude,-0.17524537659215567,0.07149791139015398,-0.3221202915139134,1.0,-0.29316496212118515
beat_length_ms,0.9785717402947242,-0.9192113169303143,-0.3021444637429503,-0.29316496212118515,1.0
