feature,best_dist,params,ks_pvalue,mean,std,min,max,n_samples
rr_ms,norm,"(np.float64(819.2105263157895), np.float64(186.7282232627968))",0.8657042364483677,819.2105263157895,186.7282232627968,454.0,1157.0,38
hr_bpm,lognorm,"(np.float64(0.4510061142202846), 34.76860678798036, np.float64(38.638422305101656))",0.8675753360235039,77.4464331859609,19.200516673342836,51.85825410544512,132.15859030837004,38
qrs_width_ms,gamma,"(np.float64(0.29164670870757825), np.float64(15.999999999999998), np.float64(25.678528953925614))",0.0005053287795662165,21.894736842105264,14.631957586922018,16.0,87.0,38
r_amplitude,gamma,"(np.float64(1864.7624124571103), np.float64(-7697.959543893849), np.float64(4.420363024217165))",0.6031998860392711,545.0032443639984,190.67169156182914,202.3052286247325,844.5181644999269,38
beat_length_ms,lognorm,"(np.float64(0.1404830818834304), -412.89828460441885, np.float64(1231.1954124823922))",0.9165828763539741,830.4736842105264,174.43860884233067,550.0,1156.0,38
